0,0,-0,0,0,-0
0.05,-0.00040811,-0.00012148,0.22314,-2.7791e-06,2.4882
0.1,-0.00067307,-0.00012146,0.2231,-3.0938e-06,4.1166
0.15,-0.00075417,-0.00012006,0.22306,-3.2161e-06,5.1573
0.2,-0.00063712,-0.00011729,0.22306,-3.1651e-06,5.8266
0.25,-0.00039314,-0.00011293,0.22308,-2.9634e-06,6.2541
0.3,-0.00014156,-0.00010756,0.22309,-2.7449e-06,6.5199
0.35,1.2742e-05,-0.00010245,0.22308,-2.5945e-06,6.682
0.4,1.6323e-05,-9.8066e-05,0.22305,-2.5625e-06,6.7841
0.45,-0.00012721,-9.4059e-05,0.22302,-2.6047e-06,6.8536
0.5,-0.00036248,-8.9666e-05,0.223,-2.6367e-06,6.902
0.55,-0.00060082,-8.4781e-05,0.223,-2.6064e-06,6.9322
0.6,-0.00075592,-7.9941e-05,0.22301,-2.5081e-06,6.9476
0.65,-0.00077447,-7.5675e-05,0.22301,-2.378e-06,6.9554
0.7,-0.00064573,-7.2e-05,0.22303,-2.2202e-06,6.9625
0.75,-0.00039852,-6.8471e-05,0.22306,-2.028e-06,6.9709
0.8,-9.1393e-05,-6.4695e-05,0.22308,-1.7975e-06,6.978
0.85,0.00020549,-6.0702e-05,0.2231,-1.577e-06,6.9807
0.9,0.00043365,-5.6871e-05,0.2231,-1.4e-06,6.9793
0.95,0.00056092,-5.348e-05,0.22309,-1.2934e-06,6.9771
1,0.00058428,-5.0494e-05,0.22307,-1.2408e-06,6.9771
1.05,0.00052629,-4.7581e-05,0.22306,-1.2202e-06,6.9796
1.1,0.00042752,-4.451e-05,0.22306,-1.1823e-06,6.9823
1.15,0.00033428,-4.132e-05,0.22307,-1.1286e-06,6.9828
1.2,0.0002852,-3.83e-05,0.22309,-1.0446e-06,6.981
1.25,0.00030143,-3.5643e-05,0.2231,-9.4607e-07,6.9789
1.3,0.00038381,-3.3375e-05,0.22312,-8.227e-07,6.9786
1.35,0.00051467,-3.1202e-05,0.22314,-7.0589e-07,6.9802
1.4,0.00066305,-2.8953e-05,0.22316,-5.9011e-07,6.9822
1.45,0.00079325,-2.6708e-05,0.22317,-4.6231e-07,6.9828
1.5,0.00087453,-2.4546e-05,0.22317,-3.6455e-07,6.9813
1.55,0.00088855,-2.2649e-05,0.22316,-3.0339e-07,6.9787
1.6,0.00083189,-2.1058e-05,0.22314,-2.798e-07,6.9767
1.65,0.00071526,-1.9656e-05,0.22312,-2.8898e-07,6.9761
1.7,0.00056032,-1.8308e-05,0.22311,-3.0461e-07,6.9764
1.75,0.00039441,-1.694e-05,0.22311,-3.2353e-07,6.9765
1.8,0.00024408,-1.5589e-05,0.22312,-3.2531e-07,6.9754
1.85,0.00012918,-1.4396e-05,0.22312,-3.1908e-07,6.9737
1.9,5.9344e-05,-1.3417e-05,0.22312,-3.0736e-07,6.9724
1.95,3.3183e-05,-1.2627e-05,0.22313,-2.8891e-07,6.9724
2,3.9846e-05,-1.1913e-05,0.22314,-2.634e-07,6.9736
2.05,6.2106e-05,-1.1192e-05,0.22314,-2.2996e-07,6.9751
2.1,8.0639e-05,-1.0422e-05,0.22314,-2.0651e-07,6.976
2.15,7.8607e-05,-9.6894e-06,0.22314,-1.9108e-07,6.9759
2.2,4.5372e-05,-9.0813e-06,0.22312,-1.9359e-07,6.975
2.25,-2.1765e-05,-8.6105e-06,0.2231,-2.1842e-07,6.9743
2.3,-0.00011753,-8.2601e-06,0.22308,-2.6343e-07,6.9744
2.35,-0.0002301,-7.9e-06,0.22306,-3.1021e-07,6.9752
2.4,-0.00034373,-7.518e-06,0.22305,-3.5798e-07,6.9761
2.45,-0.00044223,-7.0983e-06,0.22305,-3.9711e-07,6.9764
2.5,-0.00051233,-6.6896e-06,0.22305,-4.2525e-07,6.9762
2.55,-0.0005462,-6.3587e-06,0.22305,-4.4331e-07,6.9757
2.6,-0.00054259,-6.11e-06,0.22305,-4.5191e-07,6.9755
2.65,-0.00050652,-5.9078e-06,0.22306,-4.4803e-07,6.9759
2.7,-0.00044781,-5.7306e-06,0.22306,-4.3948e-07,6.9766
2.75,-0.00037898,-5.5033e-06,0.22307,-4.2654e-07,6.9771
2.8,-0.00031274,-5.2436e-06,0.22307,-4.0798e-07,6.977
2.85,-0.00025944,-5.0047e-06,0.22306,-3.9799e-07,6.9763
2.9,-0.00022531,-4.8126e-06,0.22305,-3.9718e-07,6.9752
2.95,-0.00021164,-4.7032e-06,0.22304,-4.0306e-07,6.9744
3,-0.00021504,-4.6303e-06,0.22303,-4.1827e-07,6.9741
3.05,-0.00022837,-4.5624e-06,0.22302,-4.3494e-07,6.9741
3.1,-0.00024251,-4.4408e-06,0.22302,-4.4604e-07,6.9743
3.15,-0.00024826,-4.3041e-06,0.22302,-4.5312e-07,6.9743
3.2,-0.00023829,-4.1599e-06,0.22303,-4.4801e-07,6.9739
3.25,-0.00020845,-4.0724e-06,0.22303,-4.322e-07,6.9734
3.3,-0.00015842,-4.0264e-06,0.22304,-4.1103e-07,6.9731
3.35,-9.1631e-05,-4.0171e-06,0.22305,-3.8265e-07,6.9732
3.4,-1.4494e-05,-4.0104e-06,0.22306,-3.4911e-07,6.9736
3.45,6.4849e-05,-3.9843e-06,0.22307,-3.0988e-07,6.9741
3.5,0.000138,-3.9339e-06,0.22308,-2.6909e-07,6.9744
3.55,0.00019784,-3.8689e-06,0.22309,-2.3325e-07,6.9744
3.6,0.00023969,-3.8235e-06,0.22309,-2.0307e-07,6.9742
3.65,0.00026199,-3.8109e-06,0.22308,-1.7929e-07,6.974
3.7,0.00026623,-3.8225e-06,0.22308,-1.6143e-07,6.9742
3.75,0.00025656,-3.8341e-06,0.22307,-1.4719e-07,6.9746
3.8,0.0002388,-3.8248e-06,0.22307,-1.3316e-07,6.9751
3.85,0.00021934,-3.788e-06,0.22308,-1.1715e-07,6.9755
3.9,0.00020395,-3.7374e-06,0.22309,-9.7051e-08,6.9757
3.95,0.00019675,-3.6949e-06,0.2231,-7.2734e-08,6.9756
4,0.0001996,-3.6695e-06,0.22311,-4.5572e-08,6.9756
4.05,0.00021191,-3.687e-06,0.22312,-1.0747e-08,6.9757
4.1,0.00023093,-3.6853e-06,0.22312,1.6926e-08,6.976
4.15,0.00025233,-3.6902e-06,0.22313,5.217e-08,6.9764
4.2,0.00027104,-3.6577e-06,0.22314,8.2899e-08,6.9767
4.25,0.0002823,-3.6153e-06,0.22315,1.132e-07,6.9768
4.3,0.00028242,-3.5694e-06,0.22315,1.3888e-07,6.9766
4.35,0.0002695,-3.526e-06,0.22315,1.5722e-07,6.9763
4.4,0.0002436,-3.5164e-06,0.22314,1.7079e-07,6.9759
4.45,0.00020675,-3.486e-06,0.22313,1.7082e-07,6.9757
4.5,0.00016247,-3.4906e-06,0.22313,1.7487e-07,6.9755
4.55,0.00011519,-3.4844e-06,0.22313,1.79e-07,6.9754
4.6,6.9502e-05,-3.4534e-06,0.22313,1.7833e-07,6.9751
4.65,2.9368e-05,-3.4177e-06,0.22313,1.7736e-07,6.9748
4.7,-2.4115e-06,-3.3919e-06,0.22313,1.7737e-07,6.9743
4.75,-2.4623e-05,-3.3855e-06,0.22313,1.7928e-07,6.974
4.8,-3.7666e-05,-3.3924e-06,0.22313,1.8096e-07,6.9737
4.85,-4.3388e-05,-3.4101e-06,0.22314,1.8509e-07,6.9737
4.9,-4.4636e-05,-3.4197e-06,0.22314,1.8686e-07,6.9737
4.95,-4.4708e-05,-3.4106e-06,0.22314,1.8473e-07,6.9738
5,-4.6784e-05,-3.3954e-06,0.22314,1.8435e-07,6.9738
5.05,-5.3318e-05,-3.3782e-06,0.22313,1.7665e-07,6.9737
5.1,-6.5681e-05,-3.3822e-06,0.22312,1.6743e-07,6.9735
5.15,-8.3969e-05,-3.3836e-06,0.22311,1.5107e-07,6.9733
5.2,-0.00010701,-3.4009e-06,0.2231,1.3052e-07,6.9732
5.25,-0.00013264,-3.4258e-06,0.22309,1.1209e-07,6.9733
5.3,-0.00015807,-3.4404e-06,0.22309,8.96e-08,6.9734
5.35,-0.0001804,-3.4367e-06,0.22308,6.7889e-08,6.9735
5.4,-0.00019702,-3.436e-06,0.22308,4.6624e-08,6.9735
5.45,-0.00020614,-3.4287e-06,0.22308,2.6676e-08,6.9736
5.5,-0.00020696,-3.4252e-06,0.22307,9.0832e-09,6.9736
5.55,-0.00019978,-3.4319e-06,0.22307,-6.5272e-09,6.9737
5.6,-0.00018593,-3.4368e-06,0.22307,-1.9979e-08,6.9739
5.65,-0.00016748,-3.4486e-06,0.22307,-3.2829e-08,6.9741
5.7,-0.0001469,-3.4445e-06,0.22307,-4.4005e-08,6.9744
5.75,-0.00012668,-3.432e-06,0.22307,-5.5175e-08,6.9745
5.8,-0.00010892,-3.4171e-06,0.22307,-6.6829e-08,6.9745
5.85,-9.5053e-05,-3.4056e-06,0.22306,-7.9571e-08,6.9745
5.9,-8.5641e-05,-3.3983e-06,0.22306,-9.3725e-08,6.9744
5.95,-8.0369e-05,-3.3971e-06,0.22305,-1.0915e-07,6.9744
6,-7.8152e-05,-3.3958e-06,0.22304,-1.2509e-07,6.9744
6.05,-7.7366e-05,-3.3894e-06,0.22304,-1.4061e-07,6.9744
6.1,-7.6161e-05,-3.3786e-06,0.22303,-1.5477e-07,6.9744
6.15,-7.2772e-05,-3.3597e-06,0.22303,-1.6709e-07,6.9744
6.2,-6.5829e-05,-3.3382e-06,0.22303,-1.7657e-07,6.9743
6.25,-5.4579e-05,-3.3213e-06,0.22304,-1.8315e-07,6.9741
6.3,-3.8985e-05,-3.3101e-06,0.22304,-1.8726e-07,6.974
6.35,-1.9722e-05,-3.3045e-06,0.22304,-1.8852e-07,6.9739
6.4,1.943e-06,-3.3013e-06,0.22305,-1.8757e-07,6.9739
6.45,2.4361e-05,-3.2961e-06,0.22305,-1.8456e-07,6.9739
6.5,4.5763e-05,-3.2875e-06,0.22305,-1.8021e-07,6.9738
6.55,6.4522e-05,-3.2773e-06,0.22305,-1.7493e-07,6.9738
6.6,7.9393e-05,-3.2676e-06,0.22306,-1.7006e-07,6.9736
6.65,8.9683e-05,-3.2623e-06,0.22306,-1.6532e-07,6.9735
6.7,9.5317e-05,-3.2615e-06,0.22305,-1.6143e-07,6.9734
6.75,9.6813e-05,-3.2653e-06,0.22305,-1.5749e-07,6.9734
6.8,9.5175e-05,-3.2686e-06,0.22305,-1.5383e-07,6.9734
6.85,9.1698e-05,-3.2697e-06,0.22305,-1.4993e-07,6.9734
6.9,8.7764e-05,-3.2671e-06,0.22306,-1.4454e-07,6.9734
6.95,8.4623e-05,-3.2633e-06,0.22306,-1.3653e-07,6.9734
7,8.3197e-05,-3.2602e-06,0.22306,-1.2754e-07,6.9735
7.05,8.5772e-05,-1.9539e-05,0.22199,-1.1504e-06,5.1056
7.1,9.0898e-05,-1.141e-05,0.22299,-7.628e-07,3.7663
7.15,9.6881e-05,-6.5055e-06,0.22329,-5.1509e-07,2.9138
7.2,0.000103,-3.6151e-06,0.22333,-3.5318e-07,2.3712
7.25,0.00010826,-1.979e-06,0.22329,-2.448e-07,2.0259
7.3,0.00011163,-1.1081e-06,0.22324,-1.7072e-07,1.8062
7.35,0.00011225,-7.0995e-07,0.2232,-1.1842e-07,1.6666
7.4,0.00010952,-5.9209e-07,0.22316,-8.0818e-08,1.5777
7.45,0.00010327,-6.4189e-07,0.22313,-5.2261e-08,1.5213
7.5,9.3755e-05,-7.7962e-07,0.22312,-3.0791e-08,1.4855
7.55,8.1613e-05,-9.6478e-07,0.22311,-1.2447e-08,1.4627
7.6,6.7791e-05,-1.1626e-06,0.2231,2.5669e-09,1.4483
7.65,5.3407e-05,-1.3585e-06,0.2231,1.6626e-08,1.4392
7.7,3.9566e-05,-1.5452e-06,0.2231,2.9471e-08,1.4333
7.75,2.723e-05,-1.7186e-06,0.2231,4.2457e-08,1.4296
7.8,1.7058e-05,-1.8799e-06,0.2231,5.4989e-08,1.4273
7.85,9.3409e-06,-2.0347e-06,0.2231,6.9041e-08,1.4258
7.9,3.9716e-06,-2.1717e-06,0.22311,8.2248e-08,1.4248
7.95,4.8966e-07,-2.2973e-06,0.22311,9.5647e-08,1.4243
8,-1.8297e-06,-2.3977e-06,0.22311,1.0667e-07,1.4239
8.05,-3.8466e-06,-2.4875e-06,0.22312,1.1744e-07,1.4236
8.1,-6.4108e-06,-2.5559e-06,0.22312,1.2544e-07,1.4235
8.15,-1.0221e-05,-2.6172e-06,0.22312,1.3245e-07,1.4233
8.2,-1.5712e-05,-2.6703e-06,0.22312,1.3755e-07,1.4231
8.25,-2.2991e-05,-2.7179e-06,0.22311,1.4115e-07,1.423
8.3,-3.1816e-05,-2.7653e-06,0.22311,1.436e-07,1.4228
8.35,-4.1645e-05,-2.8051e-06,0.22311,1.4416e-07,1.4227
8.4,-5.1714e-05,-2.8438e-06,0.22311,1.4442e-07,1.4226
8.45,-6.1163e-05,-2.8749e-06,0.2231,1.4331e-07,1.4224
8.5,-6.9161e-05,-2.9042e-06,0.2231,1.4186e-07,1.4223
8.55,-7.5037e-05,-2.9298e-06,0.2231,1.3967e-07,1.4222
8.6,-7.8369e-05,-2.955e-06,0.2231,1.3711e-07,1.4221
8.65,-7.9046e-05,-2.979e-06,0.2231,1.3408e-07,1.422
8.7,-7.7273e-05,-3.0013e-06,0.2231,1.3045e-07,1.4219
8.75,-7.3531e-05,-3.0207e-06,0.22309,1.2614e-07,1.4219
8.8,-6.8496e-05,-3.0372e-06,0.22309,1.21e-07,1.4219
8.85,-6.2934e-05,-3.0492e-06,0.22309,1.1467e-07,1.4219
8.9,-5.7577e-05,-3.0623e-06,0.22309,1.0764e-07,1.4218
8.95,-5.3024e-05,-3.0724e-06,0.22308,9.9022e-08,1.4218
9,-4.9646e-05,-3.0895e-06,0.22308,9.0101e-08,1.4218
9.05,-4.755e-05,-3.1057e-06,0.22307,7.8743e-08,1.4218
9.1,-4.6568e-05,-3.1185e-06,0.22306,6.8132e-08,1.4218
9.15,-4.6301e-05,-3.1333e-06,0.22306,5.6103e-08,1.4219
9.2,-4.619e-05,-3.1435e-06,0.22305,4.3161e-08,1.4219
9.25,-4.5617e-05,-3.1527e-06,0.22305,3.0273e-08,1.4219
9.3,-4.4007e-05,-3.1558e-06,0.22304,1.6721e-08,1.422
9.35,-4.0922e-05,-3.1596e-06,0.22304,3.8164e-09,1.422
9.4,-3.6136e-05,-3.1607e-06,0.22304,-9.0014e-09,1.4221
9.45,-2.9667e-05,-3.1624e-06,0.22303,-2.1056e-08,1.4222
9.5,-2.1777e-05,-3.1641e-06,0.22303,-3.2383e-08,1.4222
9.55,-1.2932e-05,-3.1638e-06,0.22303,-4.3221e-08,1.4223
9.6,-3.7326e-06,-3.1642e-06,0.22303,-5.3203e-08,1.4224
9.65,5.1747e-06,-3.1616e-06,0.22302,-6.3064e-08,1.4224
9.7,1.3194e-05,-3.1606e-06,0.22302,-7.2368e-08,1.4225
9.75,1.9863e-05,-3.1596e-06,0.22302,-8.1554e-08,1.4225
9.8,2.4911e-05,-3.1569e-06,0.22301,-9.0904e-08,1.4225
9.85,2.8296e-05,-3.1565e-06,0.22301,-9.9804e-08,1.4225
9.9,3.0193e-05,-3.152e-06,0.22301,-1.0899e-07,1.4225
9.95,3.0957e-05,-3.149e-06,0.22301,-1.1732e-07,1.4224
10,3.1054e-05,-3.1342e-06,0.223,-1.2705e-07,1.4224
10.05,-2.0821e-06,6.5005e-06,0.10164,2.0592e-06,1.352
10.1,-1.9628e-05,-1.2091e-06,0.02626,4.1061e-07,1.332
10.15,-2.0156e-05,-3.1492e-06,0.0066012,-4.4936e-08,1.3474
10.2,-1.5705e-05,-3.3554e-06,0.0016601,-1.4291e-07,1.3646
10.25,-9.5625e-06,-3.1347e-06,0.00042499,-1.5234e-07,1.3773
10.3,-2.7571e-06,-2.8304e-06,0.00011715,-1.4145e-07,1.3859
10.35,4.1558e-06,-2.5379e-06,3.9771e-05,-1.2675e-07,1.3915
10.4,1.0687e-05,-2.2648e-06,1.9522e-05,-1.1285e-07,1.3951
10.45,1.637e-05,-2.011e-06,1.4131e-05,-1.0022e-07,1.3975
10.5,2.0789e-05,-1.7646e-06,1.3252e-05,-8.9068e-08,1.3991
10.55,2.3662e-05,-1.5449e-06,1.4191e-05,-7.5017e-08,1.4
10.6,2.4858e-05,-1.343e-06,1.588e-05,-6.1316e-08,1.4005
10.65,2.4424e-05,-1.1684e-06,1.7768e-05,-4.7152e-08,1.4007
10.7,2.2575e-05,-1.0335e-06,1.9598e-05,-3.0644e-08,1.4009
10.75,1.9659e-05,-9.2539e-07,2.1271e-05,-1.3584e-08,1.401
10.8,1.6105e-05,-8.3196e-07,2.2693e-05,3.3351e-09,1.4011
10.85,1.2358e-05,-7.3877e-07,2.3646e-05,1.871e-08,1.4013
10.9,8.8179e-06,-6.4153e-07,2.3777e-05,3.2061e-08,1.4013
10.95,5.7819e-06,-5.332e-07,2.2712e-05,4.0612e-08,1.4013
11,3.4131e-06,-4.4732e-07,2.0292e-05,4.9355e-08,1.4012
11.05,2.9395e-05,-8.2747e-07,0.0054202,0.22343,1.5343
11.1,2.5227e-05,9.8173e-07,0.0020605,0.22308,1.4922
11.15,2.2087e-05,5.9709e-07,0.00048955,0.22307,1.4663
11.2,1.9402e-05,3.2931e-07,9.5935e-05,0.22307,1.4502
11.25,1.6603e-05,1.2696e-07,-7.4705e-07,0.22307,1.4401
11.3,1.3362e-05,-8.3977e-08,-2.2898e-05,0.22306,1.4336
11.35,9.488e-06,-3.0081e-07,-2.6962e-05,0.22306,1.4295
11.4,4.9274e-06,-5.0926e-07,-2.6272e-05,0.22306,1.427
11.45,-2.401e-07,-7.0361e-07,-2.4071e-05,0.22306,1.4256
11.5,-5.811e-06,-8.349e-07,-2.1531e-05,0.22306,1.4248
11.55,-1.1496e-05,-9.6117e-07,-1.9518e-05,0.22305,1.4244
11.6,-1.6955e-05,-1.0713e-06,-1.8852e-05,0.22305,1.4239
11.65,-2.1858e-05,-1.1418e-06,-2.0097e-05,0.22305,1.4235
11.7,-2.5924e-05,-1.2362e-06,-2.3038e-05,0.22305,1.4231
11.75,-2.8962e-05,-1.3241e-06,-2.6881e-05,0.22304,1.4228
11.8,-3.0896e-05,-1.4078e-06,-3.0398e-05,0.22304,1.4226
11.85,-3.1774e-05,-1.4792e-06,-3.249e-05,0.22304,1.4225
11.9,-3.1754e-05,-1.5331e-06,-3.251e-05,0.22303,1.4225
11.95,-3.1083e-05,-1.5755e-06,-3.059e-05,0.22303,1.4225
12,-3.0028e-05,-1.5839e-06,-2.7091e-05,0.22303,1.4223
12.05,-2.888e-05,-1.5876e-06,-2.2869e-05,0.22303,1.4221
12.1,-2.7869e-05,-1.5964e-06,-1.8374e-05,0.22303,1.4219
12.15,-2.7149e-05,-1.6181e-06,-1.3829e-05,0.22303,1.4217
12.2,-2.6777e-05,-1.6955e-06,-9.2142e-06,0.22303,1.4216
12.25,-2.6704e-05,-1.734e-06,-4.6365e-06,0.22303,1.4217
12.3,-2.6791e-05,-1.7634e-06,-4.1277e-07,0.22303,1.4218
12.35,-2.6829e-05,-1.7791e-06,2.9628e-06,0.22303,1.4218
12.4,-2.6594e-05,-1.7917e-06,4.9782e-06,0.22303,1.4218
12.45,-2.5863e-05,-1.7934e-06,5.395e-06,0.22303,1.4217
12.5,-2.4466e-05,-1.8066e-06,4.4719e-06,0.22303,1.4216
12.55,-2.2308e-05,-1.8326e-06,2.9303e-06,0.22303,1.4216
12.6,-1.9389e-05,-1.8617e-06,1.649e-06,0.22303,1.4216
12.65,-1.5806e-05,-1.8873e-06,1.4054e-06,0.22303,1.4217
12.7,-1.1739e-05,-1.8981e-06,2.5569e-06,0.22303,1.4219
12.75,-7.4284e-06,-1.9042e-06,5.0536e-06,0.22304,1.422
12.8,-3.1178e-06,-1.8839e-06,8.3963e-06,0.22304,1.4221
12.85,9.4124e-07,-1.8808e-06,1.2206e-05,0.22304,1.4222
12.9,4.5509e-06,-1.8971e-06,1.6111e-05,0.22304,1.4222
12.95,7.5845e-06,-1.9265e-06,1.9937e-05,0.22305,1.4223
13,1.0001e-05,-1.9646e-06,2.3606e-05,0.22305,1.4225
13.05,1.1842e-05,-1.9998e-06,2.6982e-05,0.22306,1.4228
13.1,1.3226e-05,-2.0149e-06,2.9777e-05,0.22306,1.423
13.15,1.432e-05,-1.989e-06,3.1535e-05,0.22306,1.4233
13.2,1.5304e-05,-1.9783e-06,3.213e-05,0.22307,1.4234
13.25,1.6355e-05,-1.9786e-06,3.134e-05,0.22307,1.4235
13.3,1.7604e-05,-1.9625e-06,2.9492e-05,0.22307,1.4235
13.35,1.9117e-05,-1.9547e-06,2.7106e-05,0.22307,1.4236
13.4,2.089e-05,-1.9499e-06,2.4847e-05,0.22307,1.4236
13.45,2.2842e-05,-1.9482e-06,2.3237e-05,0.22307,1.4237
13.5,2.4836e-05,-1.9372e-06,2.2512e-05,0.22308,1.4237
13.55,2.669e-05,-1.9357e-06,2.2648e-05,0.22308,1.4237
13.6,2.8228e-05,-1.9102e-06,2.3277e-05,0.22308,1.4236
13.65,2.9277e-05,-1.9076e-06,2.4228e-05,0.22308,1.4234
13.7,2.9714e-05,-1.8965e-06,2.5177e-05,0.22309,1.4233
13.75,2.9478e-05,-1.9071e-06,2.6018e-05,0.22309,1.4232
13.8,2.8582e-05,-1.9124e-06,2.6626e-05,0.22309,1.4231
13.85,2.7102e-05,-1.9199e-06,2.6851e-05,0.22309,1.4231
13.9,2.5176e-05,-1.9003e-06,2.6435e-05,0.2231,1.423
13.95,2.2975e-05,-1.8874e-06,2.5172e-05,0.2231,1.423
14,2.0678e-05,-1.8726e-06,2.2895e-05,0.2231,1.4228
14.05,1.8451e-05,-1.8562e-06,1.9615e-05,0.2231,1.4227
14.1,1.6423e-05,-1.8443e-06,1.56e-05,0.2231,1.4225
14.15,1.4667e-05,-1.8414e-06,1.1303e-05,0.2231,1.4223
14.2,1.3193e-05,-1.8516e-06,7.2145e-06,0.22309,1.4222
14.25,1.1956e-05,-1.8582e-06,3.7082e-06,0.22309,1.422
14.3,1.086e-05,-1.8674e-06,9.7589e-07,0.22309,1.4219
14.35,9.7792e-06,-1.8679e-06,-1.0187e-06,0.22309,1.4218
14.4,8.5972e-06,-1.8686e-06,-2.4146e-06,0.22309,1.4217
14.45,7.1977e-06,-1.8716e-06,-3.415e-06,0.22309,1.4216
14.5,5.5066e-06,-1.8793e-06,-4.1963e-06,0.22308,1.4215
14.55,3.4996e-06,-1.8913e-06,-4.8961e-06,0.22308,1.4215
14.6,1.2077e-06,-1.9047e-06,-5.6411e-06,0.22308,1.4216
14.65,-1.2865e-06,-1.9157e-06,-6.5836e-06,0.22308,1.4217
14.7,-3.858e-06,-1.9287e-06,-7.8951e-06,0.22308,1.4218
14.75,-6.3615e-06,-1.9335e-06,-9.7465e-06,0.22308,1.4218
14.8,-8.656e-06,-1.9276e-06,-1.2254e-05,0.22307,1.4219
14.85,-1.0609e-05,-1.9319e-06,-1.5286e-05,0.22307,1.422
14.9,-1.2128e-05,-1.9458e-06,-1.8613e-05,0.22307,1.422
14.95,-1.317e-05,-1.9613e-06,-2.189e-05,0.22306,1.4221
15,-1.3742e-05,-1.9758e-06,-2.4751e-05,0.22306,1.4221
15.05,-1.3902e-05,-1.981e-06,-2.6922e-05,0.22305,1.4222
15.1,-1.3747e-05,-1.9776e-06,-2.8287e-05,0.22305,1.4223
15.15,-1.3389e-05,-1.99e-06,-2.8783e-05,0.22304,1.4224
15.2,-1.2952e-05,-1.9794e-06,-2.8636e-05,0.22304,1.4224
15.25,-1.2541e-05,-1.9658e-06,-2.8e-05,0.22304,1.4225
15.3,-1.2228e-05,-1.9601e-06,-2.7016e-05,0.22304,1.4225
15.35,-1.2047e-05,-1.9553e-06,-2.5837e-05,0.22304,1.4226
15.4,-1.1987e-05,-1.9515e-06,-2.4605e-05,0.22304,1.4226
15.45,-1.1996e-05,-1.9476e-06,-2.3471e-05,0.22303,1.4227
15.5,-1.199e-05,-1.9407e-06,-2.2594e-05,0.22303,1.4227
15.55,-1.1875e-05,-1.9286e-06,-2.2121e-05,0.22303,1.4227
15.6,-1.1553e-05,-1.9196e-06,-2.2061e-05,0.22303,1.4227
15.65,-1.0945e-05,-1.9111e-06,-2.2344e-05,0.22303,1.4226
15.7,-1.0006e-05,-1.905e-06,-2.2769e-05,0.22303,1.4225
15.75,-8.7275e-06,-1.9005e-06,-2.3063e-05,0.22302,1.4224
15.8,-7.1435e-06,-1.895e-06,-2.2962e-05,0.22302,1.4223
15.85,-5.3265e-06,-1.8869e-06,-2.2279e-05,0.22302,1.4223
15.9,-3.3746e-06,-1.8797e-06,-2.0928e-05,0.22302,1.4222
15.95,-1.4016e-06,-1.8679e-06,-1.8982e-05,0.22302,1.4221
16,4.804e-07,-1.8585e-06,-1.655e-05,0.22302,1.422
16.05,2.1795e-06,-1.8518e-06,-1.3797e-05,0.22302,1.4219
16.1,3.6298e-06,-1.8495e-06,-1.0876e-05,0.22302,1.4218
16.15,4.8017e-06,-1.8512e-06,-7.9083e-06,0.22303,1.4218
16.2,5.704e-06,-1.8557e-06,-5.0327e-06,0.22303,1.4218
16.25,6.38e-06,-1.8601e-06,-2.3825e-06,0.22303,1.4218
16.3,6.8966e-06,-1.8634e-06,-1.0033e-07,0.22303,1.4218
16.35,7.3339e-06,-1.8668e-06,1.7475e-06,0.22304,1.4218
16.4,7.7679e-06,-1.8708e-06,3.144e-06,0.22304,1.4218
16.45,8.2634e-06,-1.8763e-06,4.176e-06,0.22304,1.4218
16.5,8.8576e-06,-1.8834e-06,5.0047e-06,0.22304,1.4218
16.55,9.5571e-06,-1.8913e-06,5.8381e-06,0.22304,1.4219
16.6,1.0336e-05,-1.8987e-06,6.8667e-06,0.22305,1.4219
16.65,1.1137e-05,-1.8738e-06,8.1972e-06,0.22305,1.422
16.7,1.1891e-05,-1.8658e-06,9.9045e-06,0.22305,1.4221
16.75,1.2518e-05,-1.8663e-06,1.1898e-05,0.22305,1.4222
16.8,1.2944e-05,-1.8701e-06,1.4098e-05,0.22306,1.4223
16.85,1.3111e-05,-1.9217e-06,1.6419e-05,0.22306,1.4224
16.9,1.2981e-05,-1.928e-06,1.8708e-05,0.22307,1.4226
16.95,1.2548e-05,-1.9348e-06,2.0847e-05,0.22307,1.4227
17,1.1842e-05,-1.9403e-06,2.2725e-05,0.22308,1.4228
17.05,1.0915e-05,-1.9453e-06,2.425e-05,0.22308,1.423
17.1,9.8405e-06,-1.9473e-06,2.5317e-05,0.22308,1.4231
17.15,8.7026e-06,-1.9425e-06,2.5863e-05,0.22309,1.4232
17.2,7.579e-06,-1.9384e-06,2.5922e-05,0.22309,1.4233
17.25,6.5342e-06,-1.9336e-06,2.5564e-05,0.22309,1.4233
17.3,5.6105e-06,-1.9275e-06,2.4928e-05,0.22309,1.4233
17.35,4.8229e-06,-1.9209e-06,2.4176e-05,0.2231,1.4234
17.4,4.1589e-06,-1.9131e-06,2.3456e-05,0.2231,1.4234
17.45,3.5852e-06,-1.9036e-06,2.2851e-05,0.2231,1.4233
17.5,3.0509e-06,-1.8939e-06,2.2417e-05,0.2231,1.4233
17.55,2.4971e-06,-1.8838e-06,2.2127e-05,0.2231,1.4232
17.6,1.8765e-06,-1.8749e-06,2.1906e-05,0.2231,1.4232
17.65,1.1481e-06,-1.8685e-06,2.169e-05,0.2231,1.4231
17.7,2.9444e-07,-1.8614e-06,2.1379e-05,0.22311,1.423
17.75,-6.7694e-07,-1.8564e-06,2.0889e-05,0.22311,1.4229
17.8,-1.7359e-06,-1.8525e-06,2.0147e-05,0.22311,1.4228
17.85,-2.8324e-06,-1.8484e-06,1.907e-05,0.22311,1.4227
17.9,-3.9022e-06,-1.8435e-06,1.7606e-05,0.22311,1.4226
17.95,-4.8794e-06,-1.839e-06,1.5754e-05,0.22311,1.4225
18,-5.7068e-06,-1.8336e-06,1.3529e-05,0.2231,1.4224
18.05,-6.3355e-06,-1.8334e-06,1.1047e-05,0.2231,1.4223
18.1,-6.7419e-06,-1.8327e-06,8.4167e-06,0.2231,1.4222
18.15,-6.9241e-06,-1.8329e-06,5.7765e-06,0.2231,1.4221
18.2,-6.9038e-06,-1.8369e-06,3.2741e-06,0.22309,1.422
18.25,-6.7232e-06,-1.8401e-06,9.9069e-07,0.22309,1.4219
18.3,-6.4297e-06,-1.8456e-06,-1.059e-06,0.22309,1.4218
18.35,-6.0826e-06,-1.8485e-06,-2.8457e-06,0.22308,1.4218
18.4,-5.7343e-06,-1.8556e-06,-4.4171e-06,0.22308,1.4217
18.45,-5.4203e-06,-1.8617e-06,-5.8507e-06,0.22308,1.4217
18.5,-5.1642e-06,-1.8702e-06,-7.1906e-06,0.22307,1.4217
18.55,-4.9673e-06,-1.8803e-06,-8.5093e-06,0.22307,1.4218
18.6,-4.8109e-06,-1.8732e-06,-9.8785e-06,0.22307,1.4218
18.65,-4.663e-06,-1.8697e-06,-1.1363e-05,0.22306,1.4219
18.7,-4.4845e-06,-1.8775e-06,-1.2969e-05,0.22306,1.4219
18.75,-4.2346e-06,-1.8854e-06,-1.4681e-05,0.22306,1.422
18.8,-3.8777e-06,-1.903e-06,-1.6488e-05,0.22305,1.422
18.85,-3.3907e-06,-1.9165e-06,-1.8327e-05,0.22305,1.4221
18.9,-2.766e-06,-1.9236e-06,-2.0088e-05,0.22304,1.4222
18.95,-2.0155e-06,-1.9279e-06,-2.1628e-05,0.22304,1.4222
19,-1.1676e-06,-1.9305e-06,-2.2882e-05,0.22303,1.4223
19.05,-2.6529e-07,-1.931e-06,-2.3781e-05,0.22303,1.4223
19.1,6.4033e-07,-1.9287e-06,-2.4308e-05,0.22303,1.4224
19.15,1.4989e-06,-1.926e-06,-2.4468e-05,0.22302,1.4224
19.2,2.2656e-06,-1.9215e-06,-2.4316e-05,0.22302,1.4225
19.25,2.9081e-06,-1.9166e-06,-2.3927e-05,0.22302,1.4225
19.3,3.4107e-06,-1.9102e-06,-2.3338e-05,0.22302,1.4225
19.35,3.7734e-06,-1.9067e-06,-2.2622e-05,0.22302,1.4225
19.4,4.014e-06,-1.8999e-06,-2.1904e-05,0.22302,1.4225
19.45,4.1623e-06,-1.8923e-06,-2.1193e-05,0.22301,1.4225
19.5,4.2525e-06,-1.8844e-06,-2.0538e-05,0.22301,1.4225
19.55,4.3223e-06,-1.8767e-06,-1.9935e-05,0.22301,1.4224
19.6,4.403e-06,-1.8736e-06,-1.9355e-05,0.22301,1.4224
19.65,4.513e-06,-1.8618e-06,-1.8761e-05,0.22301,1.4223
19.7,4.66e-06,-1.8561e-06,-1.8069e-05,0.22301,1.4223
19.75,4.8372e-06,-1.851e-06,-1.7197e-05,0.22301,1.4222
19.8,5.024e-06,-1.8453e-06,-1.6105e-05,0.22301,1.4221
19.85,5.1893e-06,-1.8459e-06,-1.4759e-05,0.22301,1.4221
19.9,5.3013e-06,-1.8346e-06,-1.3149e-05,0.22301,1.422
19.95,5.3287e-06,-1.8199e-06,-1.1326e-05,0.22302,1.422
20,5.2443e-06,-1.8297e-06,-9.3061e-06,0.22302,1.4219
20.05,-5.3939e-06,1.0089e-05,0.0014048,0.10673,1.3547
20.1,-1.2424e-05,7.5779e-07,-0.0011346,0.032513,1.3323
20.15,-1.3863e-05,-2.3772e-06,-0.000813,0.0095584,1.3463
20.2,-1.3795e-05,-2.9961e-06,-0.00033884,0.0028254,1.3637
20.25,-1.3416e-05,-2.9257e-06,-0.00010472,0.00085326,1.377
20.3,-1.3006e-05,-2.6878e-06,-1.4329e-05,0.00027302,1.3861
20.35,-1.2615e-05,-2.4292e-06,1.5506e-05,0.00010243,1.3921
20.4,-1.224e-05,-2.1835e-06,2.411e-05,5.1147e-05,1.3962
20.45,-1.187e-05,-1.908e-06,2.6687e-05,3.5887e-05,1.3988
20.5,-1.1498e-05,-1.6679e-06,2.8382e-05,3.2402e-05,1.4005
20.55,-1.1127e-05,-1.4392e-06,3.0454e-05,3.3021e-05,1.4015
20.6,-1.0765e-05,-1.2417e-06,3.2761e-05,3.4988e-05,1.402
20.65,-1.0426e-05,-1.0588e-06,3.4919e-05,3.7132e-05,1.4022
20.7,-1.0126e-05,-9.1382e-07,3.6763e-05,3.9067e-05,1.4022
20.75,-9.8779e-06,-7.9865e-07,3.8311e-05,4.0719e-05,1.4023
20.8,-9.6929e-06,-7.0062e-07,3.9516e-05,4.1998e-05,1.4024
20.85,-9.5743e-06,-6.0242e-07,4.0213e-05,4.2766e-05,1.4024
20.9,-9.5199e-06,-4.9854e-07,3.977e-05,4.235e-05,1.4024
20.95,-9.5201e-06,-3.9633e-07,3.7719e-05,4.0221e-05,1.4023
21,-9.5588e-06,-2.9987e-07,3.3956e-05,3.6307e-05,1.402
21.05,-9.6354e-06,0.00035039,6.2802e-05,6.3271e-05,1.4058
21.1,-9.7024e-06,0.00033334,2.9515e-05,3.2457e-05,1.4036
21.15,-9.7473e-06,0.0003171,1.6868e-05,1.9168e-05,1.4022
21.2,-9.7612e-06,0.00030164,9.8657e-06,1.1452e-05,1.4013
21.25,-9.7362e-06,0.00028695,5.2586e-06,6.3287e-06,1.4007
21.3,-9.6689e-06,0.00027298,2.2944e-06,3.0226e-06,1.4003
21.35,-9.5609e-06,0.00025969,4.3866e-07,9.3916e-07,1.3999
21.4,-9.4178e-06,0.00024704,-7.5298e-07,-4.0805e-07,1.3996
21.45,-9.2477e-06,0.000235,-1.6315e-06,-1.3977e-06,1.3994
21.5,-9.0603e-06,0.00022354,-2.4038e-06,-2.26e-06,1.3992
21.55,-8.8637e-06,0.00021262,-3.1726e-06,-3.0857e-06,1.3992
21.6,-8.6652e-06,0.00020223,-4.0296e-06,-4.0134e-06,1.3993
21.65,-1.1381e-05,0.030227,-0.0021743,-0.0022755,1.85
21.7,-1.3033e-05,0.059869,-2.4208e-05,7.6067e-05,2.1281
21.75,-1.1682e-05,0.053475,0.0030007,0.0028117,1.7568
21.8,-1.327e-05,0.060216,-0.00016161,0.00019047,1.7331
21.85,-1.2756e-05,0.05503,-0.00025031,-0.00028834,1.54
21.9,-1.2935e-05,0.058746,0.00010295,0.00025079,1.5472
21.95,-1.261e-05,0.056089,-0.00035695,-0.00035132,1.4598
22,-1.2554e-05,0.058042,-0.00010541,-1.431e-05,1.471
22.05,-1.2112e-05,0.056616,-0.0001701,-0.00014442,1.4288
22.1,-1.197e-05,0.057618,-0.00029313,-0.00022295,1.4381
22.15,-1.1446e-05,0.057015,-4.8088e-05,-8.4313e-06,1.4196
22.2,-1.1188e-05,0.05727,-0.00035278,-0.00029642,1.4214
22.25,-1.0696e-05,0.057314,-5.8966e-05,-8.574e-06,1.4186
22.3,-1.03e-05,0.057085,-0.00027492,-0.00022663,1.4134
22.35,-9.9023e-06,0.057382,-0.00016782,-0.00011336,1.4176
22.4,-9.4481e-06,0.057158,-0.00015957,-0.00011142,1.4126
22.45,-9.0913e-06,0.057249,-0.00023597,-0.0001839,1.4143
22.5,-8.7102e-06,0.057305,-0.0001447,-9.3152e-05,1.4145
22.55,-8.3535e-06,0.057188,-0.00019373,-0.00014391,1.4122
22.6,-8.0549e-06,0.057286,-0.00020048,-0.00014859,1.4138
22.65,-7.757e-06,0.057276,-0.00015943,-0.00010856,1.4131
22.7,-7.4921e-06,0.057225,-0.00019565,-0.00014527,1.4121
22.75,-7.2655e-06,0.057288,-0.00019196,-0.0001407,1.413
22.8,-7.0638e-06,0.057281,-0.00016935,-0.00011864,1.4126
22.85,-6.887e-06,0.05725,-0.00018845,-0.00013799,1.412
22.9,-6.7432e-06,0.057287,-0.00018682,-0.00013585,1.4126
22.95,-6.6316e-06,0.057293,-0.00016836,-0.00011746,1.4124
23,-6.5468e-06,0.05727,-0.000175,-0.00012419,1.4119
23.05,-6.5091e-06,0.057289,-0.00017563,-0.00012445,1.4121
23.1,-6.5044e-06,0.0573,-0.00016191,-0.00011057,1.4121
23.15,-6.5361e-06,0.057286,-0.00016182,-0.00011046,1.4118
23.2,-6.6173e-06,0.057293,-0.00016331,-0.00011172,1.4119
23.25,-6.7413e-06,0.057306,-0.00015489,-0.00010309,1.412
23.3,-6.9032e-06,0.057301,-0.00015137,-9.951e-05,1.4119
23.35,-7.1017e-06,0.0573,-0.00015362,-0.00010168,1.4118
23.4,-7.3304e-06,0.05731,-0.00015175,-9.9718e-05,1.4119
23.45,-7.5994e-06,0.057314,-0.00014784,-9.578e-05,1.4119
23.5,-7.8924e-06,0.05731,-0.00014848,-9.6458e-05,1.4119
23.55,-8.2005e-06,0.057313,-0.00014998,-9.7973e-05,1.412
23.6,-8.523e-06,0.057321,-0.00014748,-9.5462e-05,1.4122
23.65,-8.856e-06,0.057322,-0.00014443,-9.2392e-05,1.4123
23.7,-9.1906e-06,0.057321,-0.00014365,-9.1583e-05,1.4124
23.75,-9.5248e-06,0.057325,-0.00014211,-8.9972e-05,1.4126
23.8,-9.8571e-06,0.05733,-0.00013835,-8.6116e-05,1.4127
23.85,-1.0184e-05,0.057331,-0.00013511,-8.2776e-05,1.4128
23.9,-1.0507e-05,0.057331,-0.00013353,-8.1104e-05,1.4129
23.95,-1.0828e-05,0.057334,-0.00013169,-7.9179e-05,1.4131
24,-1.1144e-05,0.057338,-0.00012897,-7.6375e-05,1.4133
24.05,-1.1454e-05,0.05734,-0.000127,-7.4345e-05,1.4134
24.1,-1.1757e-05,0.057341,-0.00012646,-7.3784e-05,1.4135
24.15,-1.2051e-05,0.057344,-0.00012633,-7.3663e-05,1.4136
24.2,-1.2332e-05,0.057347,-0.00012612,-7.3491e-05,1.4136
24.25,-1.2594e-05,0.057349,-0.00012652,-7.3961e-05,1.4136
24.3,-1.2834e-05,0.057351,-0.00012775,-7.5297e-05,1.4136
24.35,-1.3048e-05,0.057353,-0.000129,-7.6664e-05,1.4136
24.4,-1.3233e-05,0.057357,-0.00012963,-7.741e-05,1.4136
24.45,-1.3385e-05,0.05736,-0.0001299,-7.7789e-05,1.4136
24.5,-1.3504e-05,0.057362,-0.00013023,-7.8208e-05,1.4135
24.55,-1.3589e-05,0.057364,-0.0001305,-7.8565e-05,1.4135
24.6,-1.3643e-05,0.057367,-0.0001305,-7.8641e-05,1.4134
24.65,-1.3669e-05,0.05737,-0.00013042,-7.8621e-05,1.4132
24.7,-1.3671e-05,0.057372,-0.0001306,-7.8875e-05,1.4131
24.75,-1.3652e-05,0.057374,-0.00013112,-7.9481e-05,1.413
24.8,-1.3617e-05,0.057377,-0.00013182,-8.0283e-05,1.4129
24.85,-1.357e-05,0.05738,-0.00013271,-8.128e-05,1.4128
24.9,-1.3512e-05,0.057383,-0.000134,-8.2706e-05,1.4126
24.95,-1.3444e-05,0.057386,-0.00013587,-8.4734e-05,1.4125
25,-1.3367e-05,0.057388,-0.00013824,-8.729e-05,1.4123
25.05,1.8458e-05,0.018598,0.0072905,0.007416,0.86076
25.1,5.1364e-05,-0.029717,0.00077386,0.00099914,0.38033
25.15,5.399e-05,-0.044909,-0.013116,-0.013703,0.55277
25.2,9.4157e-06,0.010061,-0.0098262,-0.010095,1.6427
25.25,-9.5896e-06,0.041843,0.0098471,0.0099935,1.9936
25.3,1.6961e-05,0.0066769,0.0097305,0.0099582,1.2744
25.35,4.1452e-05,-0.032858,-0.0019709,-0.0020272,0.76552
25.4,2.5374e-05,-0.020448,-0.011918,-0.012192,1.1811
25.45,-5.8884e-06,0.022648,-0.0014775,-0.0015393,1.8683
25.5,-3.7022e-06,0.024358,0.010052,0.010235,1.7144
25.55,2.0937e-05,-0.01108,0.0042643,0.0044368,1.0995
25.6,2.6076e-05,-0.025456,-0.0070689,-0.0072223,1.0134
25.65,3.3466e-06,0.0018171,-0.0065291,-0.006676,1.5421
25.7,-9.6632e-06,0.022651,0.0044245,0.004487,1.7799
25.75,4.238e-06,0.005274,0.0067689,0.0069179,1.3939
25.8,1.8206e-05,-0.017944,-0.001599,-0.0016126,1.0727
25.85,8.9269e-06,-0.010254,-0.0066826,-0.0068222,1.3047
25.9,-7.459e-06,0.012671,-0.00058085,-0.00061165,1.6611
25.95,-5.3419e-06,0.012539,0.005609,0.0057113,1.5611
26,8.2827e-06,-0.0071346,0.0021108,0.0021742,1.2266
26.05,9.8858e-06,-0.01312,-0.004258,-0.0043395,1.2092
26.1,-2.0228e-06,0.00238,-0.0032179,-0.0032911,1.4974
26.15,-7.0595e-06,0.01206,0.0027961,0.0028373,1.5959
26.2,1.5871e-06,0.0014738,0.0035276,0.0036042,1.3751
26.25,8.5661e-06,-0.010009,-0.0013669,-0.0013841,1.225
26.3,3.3947e-06,-0.0042243,-0.003547,-0.0036192,1.3714
26.35,-3.726e-06,0.0074899,0.00015919,0.00015145,1.545
26.4,-8.2147e-07,0.0058143,0.0030942,0.0031518,1.4673
26.45,6.6817e-06,-0.0047615,0.00074544,0.00076929,1.2949
26.5,6.9475e-06,-0.0064535,-0.0024924,-0.0025389,1.3108
26.55,1.0903e-06,0.0022766,-0.0014079,-0.0014415,1.4655
26.6,-2.092e-07,0.0062452,0.0017528,0.0017804,1.496
26.65,5.0731e-06,-0.00015487,0.0016989,0.0017361,1.371
26.7,8.3628e-06,-0.005456,-0.0010232,-0.001038,1.3081
26.75,5.3932e-06,-0.0014528,-0.0017912,-0.0018277,1.3979
26.8,2.3777e-06,0.0043106,0.00037618,0.0003778,1.4787
26.85,4.778e-06,0.0025,0.0016569,0.0016888,1.424
26.9,8.8067e-06,-0.0030027,0.00016912,0.00017766,1.3385
26.95,8.6633e-06,-0.0030555,-0.0013718,-0.0013968,1.3608
27,5.8894e-06,0.0017064,-0.00053033,-0.00054374,1.4417
27.05,5.9414e-06,0.0031362,0.0010535,0.0010719,1.4461
27.1,9.0471e-06,-0.00056269,0.00078636,0.00080511,1.3775
27.15,1.0548e-05,-0.0028943,-0.00065019,-0.00065944,1.3537
27.2,8.8267e-06,-0.00037811,-0.00084847,-0.00086565,1.4063
27.25,7.4398e-06,0.002388,0.0003402,0.00034465,1.4428
27.3,8.8348e-06,0.0010294,0.00085947,0.00087749,1.4083
27.35,1.0657e-05,-0.0017712,-6.904e-06,-3.5457e-06,1.3666
27.4,1.007e-05,-0.0014383,-0.0007155,-0.00072833,1.3843
27.45,8.2694e-06,0.0010927,-0.00017763,-0.00018236,1.4261
27.5,8.1009e-06,0.0015707,0.00059959,0.0006113,1.4236
27.55,9.4064e-06,-0.00047926,0.00037249,0.00038256,1.3868
27.6,9.6749e-06,-0.0015221,-0.00036373,-0.00036849,1.3779
27.65,8.2824e-06,-6.3784e-05,-0.00039128,-0.00039883,1.4073
27.7,7.2291e-06,0.0012907,0.00024,0.0002445,1.4243
27.75,7.6801e-06,0.00044175,0.00045724,0.00046809,1.4041
27.8,8.2576e-06,-0.00099533,-1.687e-05,-1.4423e-05,1.3832
27.85,7.5165e-06,-0.00070873,-0.00035248,-0.00035815,1.3943
27.9,6.1929e-06,0.00063054,-4.9097e-05,-4.9955e-05,1.416
27.95,5.7721e-06,0.00080878,0.00033643,0.00034411,1.4132
28,6.0885e-06,-0.00029913,0.00019423,0.00020042,1.3934
28.05,5.7895e-06,-0.0008088,-0.00018641,-0.0001883,1.3893
28.1,4.5867e-06,-8.2029e-06,-0.00018835,-0.00019163,1.4052
28.15,3.5753e-06,0.00069636,0.00013931,0.00014247,1.4137
28.2,3.3774e-06,0.00022772,0.00024407,0.00025039,1.4024
28.25,3.2521e-06,-0.00053732,-6.7328e-06,-5.1172e-06,1.3912
28.3,2.4318e-06,-0.00038032,-0.000182,-0.00018481,1.397
28.35,1.3266e-06,0.00033881,-2.3318e-05,-2.3575e-05,1.4085
28.4,7.5735e-07,0.00044031,0.00018013,0.00018447,1.407
28.45,6.5208e-07,-0.00015332,0.00010789,0.00011145,1.3962
28.5,2.8071e-07,-0.0004401,-9.4708e-05,-9.5562e-05,1.3937
28.55,-5.3135e-07,-1.8394e-05,-0.00010186,-0.0001036,1.4021
28.6,-1.2059e-06,0.00037562,6.9612e-05,7.1267e-05,1.4069
28.65,-1.3964e-06,0.00014385,0.00013173,0.00013517,1.4011
28.7,-1.4877e-06,-0.00028015,1.0163e-06,1.9302e-06,1.3947
28.75,-1.9209e-06,-0.00022417,-0.00010308,-0.00010485,1.3974
28.8,-2.5158e-06,0.00016674,-2.903e-05,-2.9735e-05,1.4038
28.85,-2.8274e-06,0.00025499,8.3467e-05,8.5207e-05,1.4035
28.9,-2.8567e-06,-5.8197e-05,5.2878e-05,5.4261e-05,1.3977
28.95,-2.9966e-06,-0.00024181,-6.0041e-05,-6.119e-05,1.3959
29,-3.3729e-06,-3.3056e-05,-7.6678e-05,-7.865e-05,1.4003
29.05,-3.686e-06,0.00020258,1.3075e-05,1.2797e-05,1.4035
29.1,-3.7122e-06,0.00010427,5.72e-05,5.8048e-05,1.4008
29.15,-3.6271e-06,-0.00013706,-7.9926e-06,-8.3985e-06,1.3971
29.2,-3.6829e-06,-0.00013827,-7.2646e-05,-7.4651e-05,1.3982
29.25,-3.8142e-06,7.321e-05,-4.0521e-05,-4.2136e-05,1.402
29.3,-3.7763e-06,0.0001515,2.64e-05,2.6207e-05,1.4025
29.35,-3.5407e-06,-4.3796e-06,2.1144e-05,2.1023e-05,1.3996
29.4,-3.313e-06,-0.0001309,-4.1343e-05,-4.2796e-05,1.3982
29.45,-3.2024e-06,-4.1602e-05,-6.1858e-05,-6.3972e-05,1.4004
29.5,-3.0807e-06,0.00010423,-1.7203e-05,-1.853e-05,1.4026
29.55,-2.8146e-06,8.4593e-05,1.711e-05,1.6569e-05,1.4017
29.6,-2.4717e-06,-5.1609e-05,-1.0667e-05,-1.1709e-05,1.3995
29.65,-2.2055e-06,-8.8439e-05,-5.429e-05,-5.6349e-05,1.3996
29.7,-2.0255e-06,1.7607e-05,-4.8945e-05,-5.1086e-05,1.4017
29.75,-1.8056e-06,9.3056e-05,-9.4753e-06,-1.0853e-05,1.4026
29.8,-1.4901e-06,3.0006e-05,6.831e-07,-3.9714e-07,1.4012
29.85,-1.1698e-06,-6.1381e-05,-3.068e-05,-3.2366e-05,1.3999
29.9,-9.2963e-07,-4.1842e-05,-5.2119e-05,-5.4328e-05,1.4007
29.95,-7.2233e-07,4.6725e-05,-3.2251e-05,-3.4124e-05,1.4022
30,-4.5323e-07,6.4608e-05,-4.3531e-06,-5.5943e-06,1.4021
30.05,-1.2658e-07,-6.1169e-06,-9.504e-06,-1.0728e-05,1.4008
30.1,1.7275e-07,-5.0807e-05,-3.4799e-05,-3.6495e-05,1.4003
30.15,4.1138e-07,-7.1113e-06,-3.9244e-05,-4.1063e-05,1.4012
30.2,6.4552e-07,5.0348e-05,-1.7322e-05,-1.8688e-05,1.402
30.25,9.2182e-07,3.6389e-05,-2.4005e-06,-3.3688e-06,1.4014
30.3,1.2041e-06,-2.0492e-05,-1.4105e-05,-1.5213e-05,1.4004
30.35,1.4288e-06,-3.3191e-05,-3.124e-05,-3.2674e-05,1.4003
30.4,1.5929e-06,1.0785e-05,-2.738e-05,-2.8759e-05,1.401
30.45,1.7436e-06,4.1997e-05,-9.5818e-06,-1.0579e-05,1.4013
30.5,1.9001e-06,1.8766e-05,-3.0815e-06,-3.8698e-06,1.4006
30.55,2.0305e-06,-2.2709e-05,-1.5031e-05,-1.5985e-05,1.3999
30.6,2.0959e-06,-1.9796e-05,-2.4605e-05,-2.5731e-05,1.4001
30.65,2.1143e-06,1.6131e-05,-1.6806e-05,-1.7762e-05,1.4006
30.7,2.1267e-06,3.0551e-05,-2.466e-06,-3.0691e-06,1.4006
30.75,2.1428e-06,5.603e-06,2.0176e-07,-2.3821e-07,1.4001
30.8,2.1375e-06,-2.1867e-05,-9.238e-06,-9.7724e-06,1.3996
30.85,2.0908e-06,-1.1974e-05,-1.3055e-05,-1.3609e-05,1.3999
30.9,2.024e-06,1.4976e-05,-4.0825e-06,-4.4032e-06,1.4003
30.95,1.9651e-06,1.8719e-05,6.3299e-06,6.3086e-06,1.4002
31,1.9122e-06,-5.4206e-06,5.4326e-06,5.5052e-06,1.3998
31.05,0.0047237,-1.957e-05,-8.5913e-07,-1.4131e-06,1.3997
31.1,0.0094482,-5.0653e-06,-1.2959e-06,-1.653e-06,1.4001
31.15,0.014115,9.1912e-06,6.5185e-06,6.2098e-06,1.4005
31.2,0.018702,-8.1185e-07,1.0113e-05,9.7282e-06,1.4005
31.25,0.023188,-1.7812e-05,5.7821e-06,5.158e-06,1.4007
31.3,0.027555,-1.5619e-05,2.8632e-06,2.02e-06,1.4013
31.35,0.031786,-1.203e-06,7.361e-06,6.4662e-06,1.4021
31.4,0.03587,4.6743e-07,1.3018e-05,1.2141e-05,1.4027
31.45,0.039795,-1.2398e-05,1.2673e-05,1.173e-05,1.4031
31.5,0.043551,-1.8433e-05,9.631e-06,8.5831e-06,1.4038
31.55,0.04713,-9.2444e-06,1.1226e-05,1.0186e-05,1.4047
31.6,0.050524,-3.3489e-07,1.7066e-05,1.6166e-05,1.4055
31.65,0.053725,-4.2352e-06,2.0642e-05,1.9888e-05,1.4061
31.7,0.056726,-1.1723e-05,2.0006e-05,1.9344e-05,1.4065
31.75,0.059519,-9.1539e-06,1.9866e-05,1.9317e-05,1.407
31.8,0.062097,1.2625e-07,2.3273e-05,2.2929e-05,1.4074
31.85,0.064456,2.9301e-06,2.7093e-05,2.6987e-05,1.4075
31.9,0.066594,-2.2944e-06,2.7492e-05,2.7566e-05,1.4074
31.95,0.06851,-4.3919e-06,2.6007e-05,2.622e-05,1.4072
32,0.070207,1.5928e-06,2.6514e-05,2.6902e-05,1.407
32.05,0.07169,7.526e-06,2.8997e-05,2.9604e-05,1.4066
32.1,0.072971,6.4477e-06,3.0184e-05,3.0984e-05,1.4059
32.15,0.074061,2.0805e-06,2.8778e-05,2.9709e-05,1.4051
32.2,0.074975,2.0316e-06,2.701e-05,2.8035e-05,1.4043
32.25,0.075731,6.0059e-06,2.6968e-05,2.8101e-05,1.4035
32.3,0.076347,6.9614e-06,2.7451e-05,2.8683e-05,1.4026
32.35,0.076842,2.9811e-06,2.6291e-05,2.7569e-05,1.4016
32.4,0.077236,-2.8489e-07,2.3926e-05,2.5198e-05,1.4007
32.45,0.077547,7.819e-07,2.2394e-05,2.3655e-05,1.3999
32.5,0.077792,2.6389e-06,2.2051e-05,2.3306e-05,1.3992
32.55,0.07799,7.9043e-07,2.1158e-05,2.238e-05,1.3986
32.6,0.078158,-3.2586e-06,1.8767e-05,1.9903e-05,1.398
32.65,0.078309,-4.9204e-06,1.6024e-05,1.7039e-05,1.3976
32.7,0.078462,-3.8035e-06,1.4244e-05,1.5138e-05,1.3974
32.75,0.078631,-3.7216e-06,1.2976e-05,1.3743e-05,1.3974
32.8,0.078835,-6.2197e-06,1.1036e-05,1.1647e-05,1.3974
32.85,0.07909,-8.5046e-06,8.5251e-06,8.9525e-06,1.3975
32.9,0.079413,-8.4095e-06,6.5254e-06,6.7669e-06,1.3979
32.95,0.079823,-7.485e-06,5.3988e-06,5.458e-06,1.3983
33,0.080337,-8.2695e-06,4.3711e-06,4.2443e-06,1.3988
33.05,0.080974,-1.0407e-05,2.8663e-06,2.5264e-06,1.3994
33.1,0.081749,-1.124e-05,1.4044e-06,8.4663e-07,1.4001
33.15,0.082678,-1.0105e-05,8.2298e-07,5.7385e-08,1.4009
33.2,0.083774,-8.9796e-06,9.789e-07,1.9308e-08,1.4017
33.25,0.085047,-9.0537e-06,1.1529e-06,-8.4476e-10,1.4025
33.3,0.086504,-9.1641e-06,1.1836e-06,-1.702e-07,1.4033
33.35,0.088152,-7.7997e-06,1.497e-06,-5.1619e-08,1.4041
33.4,0.089991,-5.5243e-06,2.3667e-06,6.3331e-07,1.4047
33.45,0.092023,-4.0486e-06,3.3528e-06,1.429e-06,1.4053
33.5,0.094245,-3.5777e-06,3.9627e-06,1.8362e-06,1.4057
33.55,0.096654,-2.7084e-06,4.3697e-06,2.0233e-06,1.406
33.6,0.099245,-8.389e-07,5.0459e-06,2.4779e-06,1.4061
33.65,0.10201,9.2545e-07,5.9806e-06,3.1871e-06,1.4061
33.7,0.10494,1.5306e-06,6.7083e-06,3.6778e-06,1.406
33.75,0.10804,1.5018e-06,7.0512e-06,3.7642e-06,1.4058
33.8,0.11128,1.8427e-06,7.3118e-06,3.756e-06,1.4054
33.85,0.11467,2.4263e-06,7.7287e-06,3.8982e-06,1.4051
33.9,0.11819,2.3891e-06,8.1431e-06,4.0327e-06,1.4046
33.95,0.12183,1.6357e-06,8.3226e-06,3.9245e-06,1.4042
34,0.12557,9.7721e-07,8.3667e-06,3.6792e-06,1.4037
34.05,0.12941,8.5865e-07,8.5275e-06,3.5595e-06,1.4033
34.1,0.13331,7.7311e-07,8.8066e-06,3.5726e-06,1.4029
34.15,0.13728,1.5523e-07,8.9307e-06,3.4429e-06,1.4026
34.2,0.14127,-7.7214e-07,8.7512e-06,3.0212e-06,1.4023
34.25,0.14529,-1.4042e-06,8.3954e-06,2.4407e-06,1.4021
34.3,0.1493,-1.7181e-06,8.0281e-06,1.8731e-06,1.4019
34.35,0.15329,-2.1404e-06,7.601e-06,1.2736e-06,1.4019
34.4,0.15723,-2.8531e-06,7.012e-06,5.4071e-07,1.4019
34.45,0.16111,-3.4747e-06,6.3033e-06,-2.7919e-07,1.4019
34.5,0.16491,-3.7173e-06,5.6586e-06,-9.9579e-07,1.4021
34.55,0.16862,-3.8112e-06,5.1429e-06,-1.5404e-06,1.4023
34.6,0.17222,-4.0821e-06,4.6758e-06,-1.9941e-06,1.4026
34.65,0.17569,-4.4209e-06,4.2067e-06,-2.4079e-06,1.403
34.7,0.17903,-4.4487e-06,3.8509e-06,-2.6643e-06,1.4034
34.75,0.18223,-4.0623e-06,3.7303e-06,-2.6385e-06,1.4038
34.8,0.18527,-3.4911e-06,3.8355e-06,-2.3384e-06,1.4043
34.85,0.18816,-2.8862e-06,4.0657e-06,-1.87e-06,1.4047
34.9,0.19087,-2.1041e-06,4.3706e-06,-1.2842e-06,1.4052
34.95,0.1934,-1.0151e-06,4.7725e-06,-5.6424e-07,1.4055
35,0.19575,2.4249e-07,5.2496e-06,2.6591e-07,1.4058
35.05,0.19792,1.4125e-06,5.7008e-06,1.0958e-06,1.406
35.1,0.1999,2.4608e-06,6.0556e-06,1.8484e-06,1.4061
35.15,0.20169,3.5359e-06,6.328e-06,2.5323e-06,1.4061
35.2,0.20328,4.6341e-06,6.5998e-06,3.2241e-06,1.4059
35.25,0.2047,5.5915e-06,6.8552e-06,3.9027e-06,1.4057
35.3,0.20593,6.2064e-06,7.0534e-06,4.5196e-06,1.4053
35.35,0.20698,6.5441e-06,7.1743e-06,5.0498e-06,1.4049
35.4,0.20787,6.7332e-06,7.276e-06,5.5435e-06,1.4043
35.45,0.20861,6.6964e-06,7.4148e-06,6.0554e-06,1.4038
35.5,0.2092,6.3025e-06,7.5065e-06,6.4951e-06,1.4032
35.55,0.20966,5.6109e-06,7.56e-06,6.8688e-06,1.4025
35.6,0.21001,4.8598e-06,7.6147e-06,7.2109e-06,1.402
35.65,0.21025,4.0745e-06,7.7378e-06,7.5947e-06,1.4014
35.7,0.2104,3.1469e-06,7.8924e-06,7.9817e-06,1.4009
35.75,0.21047,2.0141e-06,8.0271e-06,8.3104e-06,1.4004
35.8,0.21049,8.2916e-07,8.1383e-06,8.5816e-06,1.4
35.85,0.21045,-3.0265e-07,8.2462e-06,8.8204e-06,1.3997
35.9,0.21039,-1.481e-06,8.4009e-06,9.0696e-06,1.3995
35.95,0.2103,-2.7822e-06,8.577e-06,9.3081e-06,1.3994
36,0.21021,-4.1252e-06,8.7855e-06,9.5471e-06,1.3994
36.05,0.21013,-5.3869e-06,9.0981e-06,9.8606e-06,1.3995
36.1,0.21007,-6.5763e-06,9.5694e-06,1.0305e-05,1.3997
36.15,0.21005,-7.7702e-06,1.0203e-05,1.0889e-05,1.4001
36.2,0.21009,-9.0071e-06,1.0989e-05,1.1598e-05,1.4005
36.25,0.21019,-1.02e-05,1.1939e-05,1.2446e-05,1.401
36.3,0.21037,-1.12e-05,1.3087e-05,1.3475e-05,1.4016
36.35,0.21063,-1.1973e-05,1.4467e-05,1.4718e-05,1.4023
36.4,0.21101,-1.2583e-05,1.606e-05,1.6159e-05,1.403
36.45,0.21149,-1.3032e-05,1.7823e-05,1.7756e-05,1.4038
36.5,0.2121,-1.3223e-05,1.9735e-05,1.9491e-05,1.4046
36.55,0.21283,-1.3106e-05,2.1789e-05,2.1357e-05,1.4054
36.6,0.2137,-1.2755e-05,2.3943e-05,2.3315e-05,1.4061
36.65,0.21471,-1.2287e-05,2.6126e-05,2.5292e-05,1.4069
36.7,0.21585,-1.1783e-05,2.8274e-05,2.7225e-05,1.4075
36.75,0.21714,-1.1153e-05,3.035e-05,2.9074e-05,1.4081
36.8,0.21857,-1.0382e-05,3.237e-05,3.086e-05,1.4086
36.85,0.22013,-9.6027e-06,3.4311e-05,3.2558e-05,1.409
36.9,0.22184,-8.9466e-06,3.6119e-05,3.4115e-05,1.4093
36.95,0.22367,-8.4127e-06,3.7764e-05,3.5502e-05,1.4095
37,0.22564,-7.8429e-06,3.9232e-05,3.671e-05,1.4095
37.05,0.22773,-7.3404e-06,4.0573e-05,3.7783e-05,1.4095
37.1,0.22993,-7.0292e-06,4.1719e-05,3.866e-05,1.4095
37.15,0.23224,-6.8576e-06,4.2636e-05,3.9304e-05,1.4093
37.2,0.23464,-6.6746e-06,4.3337e-05,3.9734e-05,1.4091
37.25,0.23714,-6.4373e-06,4.385e-05,3.9981e-05,1.4089
37.3,0.23971,-6.2279e-06,4.4149e-05,4.0023e-05,1.4086
37.35,0.24235,-6.1013e-06,4.4185e-05,3.9813e-05,1.4084
37.4,0.24504,-6.0002e-06,4.3935e-05,3.9329e-05,1.4081
37.45,0.24777,-5.861e-06,4.3412e-05,3.8585e-05,1.4078
37.5,0.25053,-5.6943e-06,4.2627e-05,3.7597e-05,1.4075
37.55,0.2533,-5.5732e-06,4.1575e-05,3.6364e-05,1.4072
37.6,0.25606,-5.5178e-06,4.0253e-05,3.4882e-05,1.4069
37.65,0.25881,-5.4742e-06,3.8696e-05,3.3196e-05,1.4067
37.7,0.26145,-4.6004e-06,3.6822e-05,3.1433e-05,1.4065
37.75,0.26388,-3.2521e-06,3.4512e-05,2.9434e-05,1.4062
37.8,0.26612,-3.0485e-06,3.1879e-05,2.7152e-05,1.406
37.85,0.26817,-3.6746e-06,2.8769e-05,2.4388e-05,1.4058
37.9,0.27003,-3.527e-06,2.5574e-05,2.1536e-05,1.4056
37.95,0.2717,-2.3509e-06,2.2718e-05,1.9028e-05,1.4054
38,0.2732,-1.3563e-06,2.013e-05,1.6786e-05,1.4053
38.05,0.27452,-1.2424e-06,1.7416e-05,1.4409e-05,1.4052
38.1,0.27568,-1.2417e-06,1.452e-05,1.1833e-05,1.4051
38.15,0.27668,-4.6067e-07,1.1748e-05,9.3694e-06,1.405
38.2,0.27753,8.3382e-07,9.275e-06,7.1932e-06,1.4049
38.25,0.27824,1.6618e-06,6.9018e-06,5.1002e-06,1.4047
38.3,0.27883,1.7786e-06,4.37e-06,2.8205e-06,1.4046
38.35,0.27929,1.9448e-06,1.7329e-06,4.0809e-07,1.4044
38.4,0.27964,2.6547e-06,-7.3897e-07,-1.8628e-06,1.4043
38.45,0.27989,3.41e-06,-2.9633e-06,-3.911e-06,1.4041
38.5,0.28005,3.5437e-06,-5.1198e-06,-5.9216e-06,1.4039
38.55,0.28013,3.1993e-06,-7.3253e-06,-8.0147e-06,1.4037
38.6,0.28015,3.0262e-06,-9.4382e-06,-1.0044e-05,1.4036
38.65,0.28012,3.176e-06,-1.1258e-05,-1.1806e-05,1.4035
38.7,0.28004,3.141e-06,-1.2798e-05,-1.3314e-05,1.4034
38.75,0.27993,2.6174e-06,-1.4228e-05,-1.4738e-05,1.4033
38.8,0.2798,2.0093e-06,-1.5552e-05,-1.6082e-05,1.4033
38.85,0.27966,1.7684e-06,-1.6615e-05,-1.7184e-05,1.4033
38.9,0.27952,1.741e-06,-1.7365e-05,-1.7984e-05,1.4034
38.95,0.27939,1.5158e-06,-1.786e-05,-1.855e-05,1.4035
39,0.27928,1.0434e-06,-1.8241e-05,-1.9018e-05,1.4037
39.05,0.27919,7.0938e-07,-1.8491e-05,-1.9364e-05,1.4038
39.1,0.27913,6.9866e-07,-1.8496e-05,-1.9474e-05,1.404
39.15,0.27911,7.3506e-07,-1.825e-05,-1.9339e-05,1.4043
39.2,0.27914,5.3016e-07,-1.7861e-05,-1.9069e-05,1.4045
39.25,0.27921,1.9944e-07,-1.7383e-05,-1.8715e-05,1.4047
39.3,0.27933,3.41e-08,-1.6745e-05,-1.8203e-05,1.405
39.35,0.27951,4.0571e-08,-1.5871e-05,-1.7454e-05,1.4052
39.4,0.27974,-4.4496e-08,-1.4794e-05,-1.6501e-05,1.4055
39.45,0.28004,-3.3675e-07,-1.3601e-05,-1.543e-05,1.4057
39.5,0.28039,-6.4573e-07,-1.2304e-05,-1.4251e-05,1.4059
39.55,0.28081,-7.8003e-07,-1.0844e-05,-1.2903e-05,1.4061
39.6,0.28129,-8.1401e-07,-9.2019e-06,-1.1364e-05,1.4063
39.65,0.28183,-9.306e-07,-7.4444e-06,-9.6998e-06,1.4065
39.7,0.28243,-1.1241e-06,-5.6429e-06,-7.9825e-06,1.4067
39.75,0.28308,-1.2241e-06,-3.8033e-06,-6.2156e-06,1.4069
39.8,0.28379,-1.1681e-06,-1.9031e-06,-4.375e-06,1.407
39.85,0.28455,-1.0935e-06,2.6572e-08,-2.4916e-06,1.4071
39.9,0.28535,-1.1296e-06,1.9093e-06,-6.4264e-07,1.4071
39.95,0.28619,-1.2256e-06,3.7027e-06,1.1292e-06,1.4072
40,0.28707,-1.2695e-06,5.421e-06,2.8394e-06,1.4072
